Slot No, Average Power (Watt),URL Path,Arrival Rate,Response Average,VM Number,VCPU
0,0,http://azureauto.cloudapp.net/,14.4822,86.66019196,1,1
1,0,http://azureauto.cloudapp.net/,177.262,282.3064026,1,1
2,0,http://azureauto.cloudapp.net/,13.0792,278.0429565,1,1
3,0,http://azureauto.cloudapp.net/,169.944,298.7012708,1,1
4,0,http://azureauto.cloudapp.net/,12.0144,220.1538462,1,1
5,0,http://azureauto.cloudapp.net/,190.316,1756.314459,1,1
6,0,http://azureauto.cloudapp.net/,13.9168,286.7335108,1,1
7,0,http://azureauto.cloudapp.net/,211.5,1092.25093,1,1
8,0,http://azureauto.cloudapp.net/,13.9156,940.1238189,1,1
9,0,http://azureauto.cloudapp.net/,185.818,281.833994,1,1
10,0,http://azureauto.cloudapp.net/,12.48,257.6155582,1,1
11,0,http://azureauto.cloudapp.net/,168.848,97.9688779,1,1
12,0,http://azureauto.cloudapp.net/,12.5192,140.682388,1,1
13,0,http://azureauto.cloudapp.net/,195.564,234.023122,1,1
14,0,http://azureauto.cloudapp.net/,16.632,420.9606181,1,1
15,0,http://azureauto.cloudapp.net/,166.682,145.8450567,1,1
16,0,http://azureauto.cloudapp.net/,15.557,363.9275913,1,1
17,0,http://azureauto.cloudapp.net/,162.666,172.3928755,1,1
18,0,http://azureauto.cloudapp.net/,14.6596,310.9538773,1,1
19,0,http://azureauto.cloudapp.net/,200.84,680.4818781,1,1
20,0,http://azureauto.cloudapp.net/,15.047,357.5439296,1,1
21,0,http://azureauto.cloudapp.net/,165.584,147.7696239,1,1
22,0,http://azureauto.cloudapp.net/,13.3192,320.595,1,1
23,0,http://azureauto.cloudapp.net/,173.9,99.81157488,1,1
24,0,http://azureauto.cloudapp.net/,1,103.7860125,1,1
25,0,http://azureauto.cloudapp.net/,14.4822,84.44061333,1,1
26,0,http://azureauto.cloudapp.net/,177.262,149.124505,1,1
27,0,http://azureauto.cloudapp.net/,13.0792,294.5891514,1,1
28,0,http://azureauto.cloudapp.net/,169.944,163.9409747,1,1
29,0,http://azureauto.cloudapp.net/,12.0144,220.6211115,1,1
30,0,http://azureauto.cloudapp.net/,190.316,215.1461139,1,1
31,0,http://azureauto.cloudapp.net/,13.9168,292.0325635,1,1
32,0,http://azureauto.cloudapp.net/,211.5,457.4374806,1,1
33,0,http://azureauto.cloudapp.net/,13.9156,331.5974144,1,1
34,0,http://azureauto.cloudapp.net/,185.818,199.3890486,1,1
35,0,http://azureauto.cloudapp.net/,12.48,269.960661,1,1
36,0,http://azureauto.cloudapp.net/,168.848,138.3836341,1,1
37,0,http://azureauto.cloudapp.net/,12.5192,253.1306599,1,1
38,0,http://azureauto.cloudapp.net/,195.564,184.618857,1,1
39,0,http://azureauto.cloudapp.net/,16.632,468.3764072,1,1
40,0,http://azureauto.cloudapp.net/,166.682,106.4166703,1,1
41,0,http://azureauto.cloudapp.net/,15.557,344.4726162,1,1
42,0,http://azureauto.cloudapp.net/,162.666,152.2625277,1,1
43,0,http://azureauto.cloudapp.net/,14.6596,353.4781279,1,1
44,0,http://azureauto.cloudapp.net/,200.84,283.0702882,1,1
45,0,http://azureauto.cloudapp.net/,15.047,337.2020963,1,1
46,0,http://azureauto.cloudapp.net/,165.584,137.0548582,1,1
47,0,http://azureauto.cloudapp.net/,13.3192,310.5295645,1,1
48,0,http://azureauto.cloudapp.net/,173.9,107.2564378,1,1
49,0,http://azureauto.cloudapp.net/,1,85.36262514,1,1
50,0,http://azureauto.cloudapp.net/,14.4822,206.501962,1,1
51,0,http://azureauto.cloudapp.net/,177.262,145.7875274,1,1
52,0,http://azureauto.cloudapp.net/,13.0792,248.1121747,1,1
53,0,http://azureauto.cloudapp.net/,169.944,150.7827631,1,1
54,0,http://azureauto.cloudapp.net/,12.0144,230.2523223,1,1
55,0,http://azureauto.cloudapp.net/,190.316,143.6806667,1,1
56,0,http://azureauto.cloudapp.net/,13.9168,288.4614194,1,1
57,0,http://azureauto.cloudapp.net/,211.5,372.3503487,1,1
58,0,http://azureauto.cloudapp.net/,13.9156,295.4313263,1,1
59,0,http://azureauto.cloudapp.net/,185.818,137.8477186,1,1
60,0,http://azureauto.cloudapp.net/,12.48,212.3236808,1,1
61,0,http://azureauto.cloudapp.net/,168.848,127.2253869,1,1
62,0,http://azureauto.cloudapp.net/,12.5192,266.3123142,1,1
63,0,http://azureauto.cloudapp.net/,195.564,151.0588173,1,1
64,0,http://azureauto.cloudapp.net/,16.632,421.3522612,1,1
65,0,http://azureauto.cloudapp.net/,166.682,133.2882134,1,1
66,0,http://azureauto.cloudapp.net/,15.557,418.7634344,1,1
67,0,http://azureauto.cloudapp.net/,162.666,144.3407926,1,1
68,0,http://azureauto.cloudapp.net/,14.6596,306.6145381,1,1
69,0,http://azureauto.cloudapp.net/,200.84,283.1195543,1,1
70,0,http://azureauto.cloudapp.net/,15.047,350.1138741,1,1
71,0,http://azureauto.cloudapp.net/,165.584,121.959892,1,1
72,0,http://azureauto.cloudapp.net/,13.3192,323.1392288,1,1
73,0,http://azureauto.cloudapp.net/,173.9,156.1060137,1,1
74,0,http://azureauto.cloudapp.net/,1,88.74971165,1,1
75,0,http://azureauto.cloudapp.net/,14.4822,265.3462843,1,1
76,0,http://azureauto.cloudapp.net/,177.262,99.23933467,1,1
77,0,http://azureauto.cloudapp.net/,13.0792,83.22692114,1,1
78,0,http://azureauto.cloudapp.net/,169.944,98.15070965,1,1
79,0,http://azureauto.cloudapp.net/,12.0144,84.36890865,1,1
80,0,http://azureauto.cloudapp.net/,190.316,102.7403718,1,1
81,0,http://azureauto.cloudapp.net/,13.9168,83.49888765,1,1
82,0,http://azureauto.cloudapp.net/,211.5,107.5350935,1,1
83,0,http://azureauto.cloudapp.net/,13.9156,84.86854049,1,1
84,0,http://azureauto.cloudapp.net/,185.818,100.0942818,1,1
85,0,http://azureauto.cloudapp.net/,12.48,251.7877834,1,1
86,0,http://azureauto.cloudapp.net/,168.848,99.15133015,1,1
87,0,http://azureauto.cloudapp.net/,12.5192,251.9455481,1,1
88,0,http://azureauto.cloudapp.net/,195.564,106.7369768,1,1
89,0,http://azureauto.cloudapp.net/,16.632,397.7205952,1,1
90,0,http://azureauto.cloudapp.net/,166.682,100.1608151,1,1
91,0,http://azureauto.cloudapp.net/,15.557,98.02572231,1,1
92,0,http://azureauto.cloudapp.net/,162.666,101.0810677,1,1
93,0,http://azureauto.cloudapp.net/,14.6596,297.6548247,1,1
94,0,http://azureauto.cloudapp.net/,200.84,110.9277255,1,1
95,0,http://azureauto.cloudapp.net/,15.047,100.4382762,1,1
96,0,http://azureauto.cloudapp.net/,165.584,99.09802121,1,1
97,0,http://azureauto.cloudapp.net/,13.3192,93.65497896,1,1
98,0,http://azureauto.cloudapp.net/,173.9,101.6230964,1,1
99,0,http://azureauto.cloudapp.net/,1,87.24863686,1,1
100,0,http://azureauto.cloudapp.net/,14.4822,214.3924361,1,1
101,0,http://azureauto.cloudapp.net/,177.262,99.44214961,1,1
102,0,http://azureauto.cloudapp.net/,13.0792,81.13699211,1,1
103,0,http://azureauto.cloudapp.net/,169.944,116.8098133,1,1
104,0,http://azureauto.cloudapp.net/,12.0144,85.32228154,1,1
105,0,http://azureauto.cloudapp.net/,190.316,103.8763153,1,1
106,0,http://azureauto.cloudapp.net/,13.9168,80.87864848,1,1
107,0,http://azureauto.cloudapp.net/,211.5,223.3041091,1,1
108,0,http://azureauto.cloudapp.net/,13.9156,82.69676798,1,1
109,0,http://azureauto.cloudapp.net/,185.818,101.6991315,1,1
110,0,http://azureauto.cloudapp.net/,12.48,82.38628449,1,1
111,0,http://azureauto.cloudapp.net/,168.848,101.0355724,1,1
112,0,http://azureauto.cloudapp.net/,12.5192,84.77028357,1,1
113,0,http://azureauto.cloudapp.net/,195.564,102.8040644,1,1
114,0,http://azureauto.cloudapp.net/,16.632,84.11476308,1,1
115,0,http://azureauto.cloudapp.net/,166.682,97.39805642,1,1
116,0,http://azureauto.cloudapp.net/,15.557,80.91393879,1,1
117,0,http://azureauto.cloudapp.net/,162.666,133.000489,1,1
118,0,http://azureauto.cloudapp.net/,14.6596,84.81189784,1,1
119,0,http://azureauto.cloudapp.net/,200.84,128.1550483,1,1
120,0,http://azureauto.cloudapp.net/,15.047,81.52514133,1,1
121,0,http://azureauto.cloudapp.net/,165.584,135.7046509,1,1
122,0,http://azureauto.cloudapp.net/,13.3192,86.87305048,1,1
123,0,http://azureauto.cloudapp.net/,173.9,101.1099565,1,1
124,0,http://azureauto.cloudapp.net/,1,93.29257642,1,1
