Global Slot No,Start Time,Time taken (Sec),No of instance,No of clients,Total average time,Average throughput,Completed sessions,Average session time,Ratio
0,Fri Sep 27 02:26:32 EDT 2013,282,1,1,332,0,0,0,0.05
1,Fri Sep 27 02:31:14 EDT 2013,284,1,3,335,0,0,0,0.14
2,Mon Sep 23 01:23:04 EDT 2013,292,1,6,341,1,2,143,0.27
3,Fri Sep 27 02:35:58 EDT 2013,292,1,11,349,2,2,150,0.5
4,Fri Sep 27 02:40:50 EDT 2013,300,1,17,357,2,0,0,0.77
5,Mon Sep 23 01:27:56 EDT 2013,302,1,22,362,3,1,149,1
6,Fri Sep 27 02:45:50 EDT 2013,305,1,28,394,4,0,0,1.27
7,Mon Sep 23 01:32:59 EDT 2013,307,1,33,410,5,2,224,1.5
8,Fri Sep 27 02:50:56 EDT 2013,312,1,39,451,6,1,137,1.77
9,Mon Sep 23 01:38:06 EDT 2013,316,1,44,560,6,1,45,2
10,Fri Sep 27 02:56:08 EDT 2013,316,1,50,583,8,1,93,2.27
11,Mon Sep 23 01:43:22 EDT 2013,316,1,55,620,9,4,159,2.5
12,Fri Sep 27 03:01:24 EDT 2013,315,1,61,665,10,5,239,2.77
13,Mon Sep 23 01:48:38 EDT 2013,323,1,66,757,10,3,121,3
14,Fri Sep 27 03:06:40 EDT 2013,318,1,72,943,12,4,156,3.27
15,Mon Sep 23 01:54:01 EDT 2013,322,1,77,1352,10,3,205,3.5
16,Fri Sep 27 03:11:58 EDT 2013,320,1,83,1565,14,5,109,3.77
17,Mon Sep 23 01:59:23 EDT 2013,328,1,88,1855,11,5,164,4
18,Mon Sep 23 02:04:51 EDT 2013,331,1,110,3584,12,6,159,5
19,Mon Sep 23 02:10:23 EDT 2013,337,1,132,4777,12,3,158,6
20,Mon Sep 23 02:16:00 EDT 2013,351,1,220,10298,13,1,192,10
21,Mon Sep 23 02:21:52 EDT 2013,370,1,440,23014,16,2,189,20
22,Mon Sep 23 05:32:16 EDT 2013,426,1,880,43089,20,4,299,40
0,Fri Sep 27 15:40:37 EDT 2013,282,2,1,335,0,0,0,0.02
1,Fri Sep 27 15:45:19 EDT 2013,290,2,5,339,0,0,0,0.11
2,Fri Sep 20 02:42:29 EDT 2013,294,2,11,347,1,1,201,0.25
3,Fri Sep 27 15:50:09 EDT 2013,302,2,22,368,3,0,0,0.5
4,Fri Sep 27 15:55:11 EDT 2013,310,2,33,387,5,2,92,0.75
5,Fri Sep 20 02:52:29 EDT 2013,312,2,44,396,7,2,140,1
6,Fri Sep 27 16:00:21 EDT 2013,315,2,55,410,9,3,210,1.25
7,Fri Sep 20 02:57:41 EDT 2013,321,2,66,443,10,2,205,1.5
8,Fri Sep 27 16:05:36 EDT 2013,320,2,77,455,12,5,125,1.75
9,Fri Sep 20 03:03:03 EDT 2013,323,2,88,491,14,5,149,2
10,Fri Sep 27 16:10:57 EDT 2013,323,2,99,545,16,4,201,2.25
11,Fri Sep 20 03:08:27 EDT 2013,335,2,110,593,18,4,136,2.5
12,Fri Sep 27 16:16:20 EDT 2013,330,2,121,612,19,5,175,2.75
13,Fri Sep 20 03:14:03 EDT 2013,338,2,132,770,20,3,124,3
14,Fri Sep 27 16:21:50 EDT 2013,336,2,143,1095,21,7,144,3.25
15,Sat Sep 21 18:59:14 EDT 2013,334,2,154,1162,22,9,183,3.5
16,Fri Sep 27 16:27:26 EDT 2013,342,2,165,1349,24,14,156,3.75
17,Fri Sep 20 03:19:41 EDT 2013,331,2,176,1924,23,14,144,4
18,Sat Sep 21 19:04:49 EDT 2013,340,2,220,3252,24,12,132,5
19,Fri Sep 20 03:25:13 EDT 2013,349,2,264,4688,25,8,149,6
20,Fri Sep 20 03:31:03 EDT 2013,356,2,440,10355,27,6,203,10
21,Fri Sep 20 03:37:00 EDT 2013,383,2,880,23262,31,5,185,20
22,Mon Sep 23 05:57:16 EDT 2013,443,2,1760,42929,41,10,290,40
0,Fri Sep 27 17:20:37 EDT 2013,282,3,1,340,0,0,0,0.02
1,Fri Sep 27 17:25:19 EDT 2013,292,3,7,346,1,0,0,0.11
2,Fri Sep 20 04:12:29 EDT 2013,301,3,17,350,2,0,0,0.26
3,Fri Sep 27 17:30:11 EDT 2013,300,3,33,359,5,3,132,0.5
4,Fri Sep 27 17:35:12 EDT 2013,318,3,50,379,8,4,154,0.76
5,Fri Sep 20 04:22:39 EDT 2013,321,3,66,390,11,3,103,1
6,Fri Sep 27 17:40:30 EDT 2013,333,3,83,400,13,4,187,1.26
7,Fri Sep 20 04:28:00 EDT 2013,325,3,99,422,16,6,170,1.5
8,Fri Sep 27 17:46:03 EDT 2013,326,3,116,432,19,11,156,1.76
9,Fri Sep 20 04:33:26 EDT 2013,340,3,132,461,22,9,160,2
10,Fri Sep 27 17:51:30 EDT 2013,329,3,149,528,24,9,193,2.26
11,Fri Sep 20 04:39:07 EDT 2013,341,3,165,561,27,8,198,2.5
12,Fri Sep 27 17:56:59 EDT 2013,339,3,182,585,29,13,165,2.76
13,Fri Sep 20 04:44:48 EDT 2013,338,3,198,762,31,11,145,3
14,Fri Sep 27 18:02:39 EDT 2013,345,3,215,813,34,10,107,3.26
15,Sat Sep 21 19:34:16 EDT 2013,334,3,231,1041,34,15,179,3.5
16,Fri Sep 27 18:08:24 EDT 2013,345,3,248,1180,36,9,169,3.76
17,Fri Sep 20 04:50:27 EDT 2013,342,3,264,1849,35,14,151,4
18,Sat Sep 21 19:39:51 EDT 2013,358,3,330,3026,37,20,165,5
19,Fri Sep 20 04:56:09 EDT 2013,360,3,396,4812,37,7,143,6
20,Fri Sep 20 05:02:09 EDT 2013,364,3,660,10761,40,12,157,10
21,Fri Sep 20 05:08:13 EDT 2013,398,3,1320,23874,47,11,197,20
22,Mon Sep 23 06:22:16 EDT 2013,459,3,2640,42526,63,20,269,40
0,Fri Sep 27 19:00:37 EDT 2013,281,4,1,333,0,0,0,0.01
1,Fri Sep 27 19:05:18 EDT 2013,294,4,9,343,1,0,0,0.1
2,Fri Sep 20 05:42:29 EDT 2013,304,4,22,352,3,5,191,0.25
3,Fri Sep 27 19:10:12 EDT 2013,313,4,44,355,7,3,116,0.5
4,Fri Sep 27 19:15:25 EDT 2013,328,4,66,362,11,1,228,0.75
5,Fri Sep 20 05:52:50 EDT 2013,326,4,88,385,15,10,152,1
6,Fri Sep 27 19:20:54 EDT 2013,331,4,110,392,19,4,179,1.25
7,Fri Sep 20 05:58:16 EDT 2013,332,4,132,420,21,6,125,1.5
8,Fri Sep 27 19:26:25 EDT 2013,336,4,154,428,26,8,143,1.75
9,Fri Sep 20 06:03:48 EDT 2013,340,4,176,440,29,5,177,2
10,Fri Sep 27 19:32:01 EDT 2013,337,4,198,454,32,16,155,2.25
11,Fri Sep 20 06:09:28 EDT 2013,335,4,220,542,36,11,142,2.5
12,Fri Sep 27 19:37:39 EDT 2013,340,4,242,649,39,12,95,2.75
13,Fri Sep 20 06:15:03 EDT 2013,340,4,264,717,41,14,141,3
14,Fri Sep 27 19:43:20 EDT 2013,357,4,286,728,45,14,130,3.25
15,Sat Sep 21 20:09:17 EDT 2013,352,4,308,1093,45,16,174,3.5
16,Fri Sep 27 19:49:17 EDT 2013,346,4,330,1300,48,11,157,3.75
17,Fri Sep 20 06:20:44 EDT 2013,350,4,352,1794,47,10,172,4
18,Sat Sep 21 20:15:10 EDT 2013,355,4,440,3156,50,24,180,5
19,Fri Sep 20 06:26:35 EDT 2013,360,4,528,5236,49,17,189,6
20,Fri Sep 20 06:32:35 EDT 2013,373,4,880,11210,53,18,185,10
21,Fri Sep 20 06:38:49 EDT 2013,406,4,1760,23937,63,22,185,20
22,Mon Sep 23 06:47:16 EDT 2013,456,4,3520,41685,86,15,269,40
0,Fri Sep 27 20:40:37 EDT 2013,284,5,2,330,0,0,0,0.02
1,Fri Sep 27 20:45:21 EDT 2013,296,5,11,334,1,0,0,0.1
2,Fri Sep 20 07:12:29 EDT 2013,306,5,28,345,4,3,116,0.25
3,Fri Sep 27 20:50:17 EDT 2013,315,5,55,356,9,5,118,0.5
4,Fri Sep 27 20:55:32 EDT 2013,322,5,83,363,13,6,124,0.75
5,Fri Sep 20 07:22:49 EDT 2013,332,5,110,374,18,6,142,1
6,Fri Sep 27 21:00:55 EDT 2013,340,5,138,402,23,6,198,1.25
7,Fri Sep 20 07:28:22 EDT 2013,338,5,165,413,27,8,142,1.5
8,Fri Sep 27 21:06:36 EDT 2013,336,5,193,423,32,5,72,1.75
9,Fri Sep 20 07:34:00 EDT 2013,342,5,220,464,36,8,171,2
10,Fri Sep 27 21:12:12 EDT 2013,351,5,248,471,41,9,158,2.25
11,Fri Sep 20 07:39:42 EDT 2013,352,5,275,541,45,17,164,2.5
12,Fri Sep 27 21:18:04 EDT 2013,345,5,303,550,50,23,161,2.75
13,Fri Sep 20 07:45:35 EDT 2013,348,5,330,827,51,11,164,3
14,Fri Sep 27 21:23:49 EDT 2013,357,5,358,1194,54,16,179,3.25
15,Sat Sep 21 20:44:17 EDT 2013,354,5,385,1304,57,24,157,3.5
16,Fri Sep 27 21:29:47 EDT 2013,361,5,413,1763,58,20,174,3.75
17,Fri Sep 20 07:51:23 EDT 2013,360,5,440,2067,58,14,165,4
18,Sat Sep 21 20:50:12 EDT 2013,361,5,550,3717,60,25,166,5
19,Fri Sep 20 07:57:23 EDT 2013,371,5,660,5431,60,15,191,6
20,Fri Sep 20 08:03:35 EDT 2013,384,5,1100,10889,67,27,190,10
21,Fri Sep 20 08:09:59 EDT 2013,415,5,2200,23900,78,21,190,20
22,Mon Sep 23 07:12:16 EDT 2013,456,5,4400,41386,108,14,303,40
0,Fri Sep 27 22:20:37 EDT 2013,284,6,2,338,0,0,0,0.02
1,Fri Sep 27 22:25:21 EDT 2013,296,6,14,341,2,1,247,0.11
2,Fri Sep 20 08:42:29 EDT 2013,308,6,33,346,5,1,100,0.25
3,Fri Sep 27 22:30:17 EDT 2013,322,6,66,347,11,3,190,0.5
4,Fri Sep 27 22:35:39 EDT 2013,329,6,99,372,16,3,119,0.75
5,Fri Sep 20 08:52:49 EDT 2013,332,6,132,383,22,8,158,1
6,Fri Sep 27 22:41:09 EDT 2013,342,6,165,391,27,7,103,1.25
7,Fri Sep 20 08:58:22 EDT 2013,342,6,198,420,32,15,182,1.5
8,Fri Sep 27 22:46:51 EDT 2013,337,6,231,436,38,12,169,1.75
9,Fri Sep 20 09:04:04 EDT 2013,351,6,264,477,43,13,144,2
10,Fri Sep 27 22:52:29 EDT 2013,349,6,297,494,49,22,175,2.25
11,Fri Sep 20 09:09:56 EDT 2013,347,6,330,565,54,20,151,2.5
12,Fri Sep 27 22:58:18 EDT 2013,352,6,363,590,59,19,128,2.75
13,Fri Sep 20 09:15:43 EDT 2013,355,6,396,748,63,34,161,3
14,Fri Sep 27 23:04:10 EDT 2013,347,6,429,820,67,19,143,3.25
15,Sat Sep 21 21:19:22 EDT 2013,357,6,462,1171,68,25,153,3.5
16,Fri Sep 27 23:09:57 EDT 2013,366,6,495,1369,72,26,132,3.75
17,Fri Sep 20 09:21:39 EDT 2013,361,6,528,1846,71,29,172,4
18,Sat Sep 21 21:25:19 EDT 2013,369,6,660,3310,74,23,147,5
19,Fri Sep 20 09:27:40 EDT 2013,368,6,792,5101,74,28,169,6
20,Fri Sep 20 09:33:48 EDT 2013,386,6,1320,11130,80,26,186,10
21,Fri Sep 20 09:40:15 EDT 2013,415,6,2640,23770,95,22,209,20
22,Mon Sep 23 07:37:16 EDT 2013,465,6,5280,41503,130,13,216,40
0,Sat Sep 28 00:00:35 EDT 2013,284,7,2,315,0,0,0,0.01
1,Sat Sep 28 00:05:19 EDT 2013,298,7,16,342,2,0,0,0.1
2,Fri Sep 20 10:12:29 EDT 2013,310,7,39,348,6,3,101,0.25
3,Sat Sep 28 00:10:18 EDT 2013,328,7,77,358,12,4,152,0.5
4,Sat Sep 28 00:15:46 EDT 2013,332,7,116,393,19,5,145,0.75
5,Fri Sep 20 10:23:14 EDT 2013,337,7,154,414,26,12,144,1
6,Sat Sep 28 00:21:18 EDT 2013,345,7,193,430,32,17,165,1.25
7,Fri Sep 20 10:28:51 EDT 2013,342,7,231,445,38,18,182,1.5
8,Sat Sep 28 00:27:04 EDT 2013,350,7,270,454,44,13,139,1.75
9,Fri Sep 20 10:34:34 EDT 2013,353,7,308,488,51,13,120,2
10,Sat Sep 28 00:32:54 EDT 2013,343,7,347,525,56,19,143,2.25
11,Fri Sep 20 10:40:27 EDT 2013,346,7,385,644,63,29,142,2.5
12,Sat Sep 28 00:38:38 EDT 2013,360,7,424,691,68,23,167,2.75
13,Fri Sep 20 10:46:13 EDT 2013,359,7,462,802,72,24,185,3
14,Sat Sep 28 00:44:38 EDT 2013,357,7,501,954,78,31,166,3.25
15,Sat Sep 21 21:54:24 EDT 2013,362,7,539,1142,80,22,165,3.5
16,Sat Sep 28 00:50:35 EDT 2013,364,7,578,1600,82,27,164,3.75
17,Fri Sep 20 10:52:12 EDT 2013,363,7,616,1943,82,31,172,4
18,Sat Sep 21 22:00:27 EDT 2013,369,7,770,3374,86,24,165,5
19,Fri Sep 20 10:58:16 EDT 2013,382,7,924,5096,87,21,158,6
20,Fri Sep 20 11:04:39 EDT 2013,388,7,1540,10872,95,23,197,10
21,Fri Sep 20 11:11:07 EDT 2013,416,7,3080,23777,111,24,207,20
22,Mon Sep 23 08:02:16 EDT 2013,469,7,6160,41215,152,21,258,40
0,Sat Sep 28 01:40:36 EDT 2013,284,8,2,340,0,1,209,0.01
1,Sat Sep 28 01:45:21 EDT 2013,301,8,18,345,3,0,0,0.1
2,Fri Sep 20 11:42:29 EDT 2013,310,8,44,351,7,0,0,0.25
3,Sat Sep 28 01:50:22 EDT 2013,325,8,88,353,14,8,157,0.5
4,Sat Sep 28 01:55:47 EDT 2013,327,8,132,367,22,5,157,0.75
5,Fri Sep 20 11:53:01 EDT 2013,344,8,176,385,29,4,224,1
6,Sat Sep 28 02:01:15 EDT 2013,340,8,220,413,37,15,129,1.25
7,Fri Sep 20 11:58:45 EDT 2013,340,8,264,448,43,9,148,1.5
8,Sat Sep 28 02:06:56 EDT 2013,356,8,308,460,50,21,155,1.75
9,Fri Sep 20 12:04:26 EDT 2013,353,8,352,535,57,23,173,2
10,Sat Sep 28 02:12:53 EDT 2013,355,8,396,568,65,28,164,2.25
11,Fri Sep 20 12:10:19 EDT 2013,355,8,440,704,70,20,169,2.5
12,Sat Sep 28 02:18:48 EDT 2013,356,8,484,743,78,30,173,2.75
13,Fri Sep 20 12:16:15 EDT 2013,360,8,528,837,83,25,155,3
14,Sat Sep 28 02:24:45 EDT 2013,357,8,572,949,89,33,135,3.25
15,Sat Sep 21 22:29:26 EDT 2013,366,8,616,1306,91,35,154,3.5
16,Sat Sep 28 02:30:43 EDT 2013,370,8,660,1486,94,38,146,3.75
17,Fri Sep 20 12:22:15 EDT 2013,364,8,704,1921,95,30,150,4
18,Sat Sep 21 22:35:32 EDT 2013,368,8,880,3520,98,23,151,5
19,Fri Sep 20 12:28:20 EDT 2013,382,8,1056,6040,93,16,166,6
20,Fri Sep 20 12:34:43 EDT 2013,387,8,1760,11004,108,32,156,10
21,Fri Sep 20 12:41:10 EDT 2013,419,8,3520,23489,128,27,197,20
22,Mon Sep 23 08:27:16 EDT 2013,474,8,7040,41113,174,30,286,40
0,Fri Sep 27 22:57:45 EDT 2013,284,9,2,335,0,0,0,0.01
1,Fri Sep 27 23:02:29 EDT 2013,298,9,20,340,3,1,155,0.1
2,Fri Sep 20 13:12:29 EDT 2013,315,9,50,348,8,4,158,0.25
3,Fri Sep 27 23:07:27 EDT 2013,328,9,99,357,17,10,155,0.5
4,Fri Sep 27 23:12:55 EDT 2013,333,9,149,363,25,10,139,0.75
5,Fri Sep 20 13:23:19 EDT 2013,339,9,198,374,33,11,178,1
6,Fri Sep 27 23:18:29 EDT 2013,346,9,248,429,41,17,154,1.25
7,Fri Sep 20 13:28:58 EDT 2013,348,9,297,495,49,16,181,1.5
8,Fri Sep 27 23:24:15 EDT 2013,347,9,347,589,56,19,130,1.75
9,Fri Sep 20 13:34:47 EDT 2013,353,9,396,601,64,20,142,2
10,Fri Sep 27 23:30:03 EDT 2013,354,9,446,647,72,25,153,2.25
11,Fri Sep 20 13:40:40 EDT 2013,364,9,495,678,79,30,160,2.5
12,Fri Sep 27 23:35:57 EDT 2013,367,9,545,715,88,25,168,2.75
13,Fri Sep 20 13:46:45 EDT 2013,362,9,594,938,93,23,167,3
14,Fri Sep 27 23:42:04 EDT 2013,366,9,644,1077,102,30,187,3.25
15,Sat Sep 21 23:04:22 EDT 2013,368,9,693,1320,103,22,177,3.5
16,Fri Sep 27 23:48:11 EDT 2013,371,9,743,1693,109,35,150,3.75
17,Fri Sep 20 13:52:47 EDT 2013,363,9,792,1985,106,38,176,4
18,Sat Sep 21 23:10:30 EDT 2013,377,9,990,3493,110,34,161,5
19,Fri Sep 20 13:58:50 EDT 2013,377,9,1188,4987,113,36,165,6
20,Fri Sep 20 14:05:07 EDT 2013,390,9,1980,10938,122,33,182,10
21,Fri Sep 20 14:11:38 EDT 2013,421,9,3960,23889,143,36,210,20
22,Mon Sep 23 08:52:16 EDT 2013,476,9,7920,41115,196,28,275,40
0,Sat Sep 28 00:37:45 EDT 2013,282,10,3,341,0,1,216,0.01
1,Sat Sep 28 00:42:27 EDT 2013,302,10,22,343,4,2,71,0.1
2,Fri Sep 20 14:42:29 EDT 2013,315,10,55,345,9,4,187,0.25
3,Sat Sep 28 00:47:29 EDT 2013,330,10,110,352,18,10,120,0.5
4,Sat Sep 28 00:52:59 EDT 2013,331,10,165,374,28,8,175,0.75
5,Fri Sep 20 14:53:12 EDT 2013,342,10,220,412,36,11,151,1
6,Sat Sep 28 00:58:31 EDT 2013,337,10,275,427,46,18,153,1.25
7,Fri Sep 20 14:58:54 EDT 2013,356,10,330,465,54,13,140,1.5
8,Sat Sep 28 01:04:08 EDT 2013,352,10,385,544,63,25,161,1.75
9,Fri Sep 20 15:04:50 EDT 2013,360,10,440,629,71,23,139,2
10,Sat Sep 28 01:10:01 EDT 2013,358,10,495,645,81,21,161,2.25
11,Fri Sep 20 15:10:51 EDT 2013,357,10,550,717,89,31,158,2.5
12,Sat Sep 28 01:16:00 EDT 2013,372,10,605,787,98,29,158,2.75
13,Fri Sep 20 15:16:48 EDT 2013,373,10,660,994,102,37,148,3
14,Sat Sep 28 01:22:12 EDT 2013,370,10,715,1104,112,44,167,3.25
15,Sat Sep 21 23:39:30 EDT 2013,361,10,770,1338,114,40,155,3.5
16,Sat Sep 28 01:28:23 EDT 2013,367,10,825,1600,120,49,174,3.75
17,Fri Sep 20 15:23:02 EDT 2013,379,10,880,2022,118,36,158,4
18,Sat Sep 21 23:45:32 EDT 2013,371,10,1100,3442,122,41,165,5
19,Fri Sep 20 15:29:21 EDT 2013,383,10,1320,5151,124,42,168,6
20,Fri Sep 20 15:35:44 EDT 2013,400,10,2200,10968,135,44,170,10
21,Fri Sep 20 15:42:25 EDT 2013,424,10,4400,23489,160,35,211,20
22,Mon Sep 23 09:17:16 EDT 2013,472,10,8800,40916,219,41,252,40
0,Fri Sep 27 02:35:54 EDT 2013,286,11,3,333,0,0,0,0.01
1,Fri Sep 27 02:40:40 EDT 2013,307,11,25,348,4,1,185,0.1
2,Fri Sep 20 22:15:38 EDT 2013,316,11,61,360,10,3,169,0.25
3,Fri Sep 27 02:45:47 EDT 2013,337,11,121,372,19,7,164,0.5
4,Fri Sep 27 02:51:25 EDT 2013,342,11,182,392,29,12,139,0.75
5,Fri Sep 20 22:20:55 EDT 2013,347,11,242,484,40,14,190,1
6,Fri Sep 27 02:57:07 EDT 2013,359,11,303,525,50,8,147,1.25
7,Fri Sep 20 22:26:43 EDT 2013,362,11,363,551,59,15,171,1.5
8,Fri Sep 27 03:03:06 EDT 2013,358,11,424,623,69,29,185,1.75
9,Fri Sep 20 22:32:45 EDT 2013,360,11,484,647,78,26,146,2
10,Fri Sep 27 03:09:05 EDT 2013,355,11,545,668,88,33,166,2.25
11,Fri Sep 20 22:38:46 EDT 2013,362,11,605,770,97,28,163,2.5
12,Fri Sep 27 03:15:00 EDT 2013,371,11,666,832,107,38,155,2.75
13,Fri Sep 20 22:44:48 EDT 2013,362,11,726,994,112,42,154,3
14,Fri Sep 27 03:21:12 EDT 2013,371,11,787,1164,122,30,175,3.25
15,Fri Sep 20 22:50:51 EDT 2013,377,11,847,1470,123,48,153,3.5
16,Fri Sep 27 03:27:24 EDT 2013,375,11,908,1727,132,49,159,3.75
17,Fri Sep 20 22:57:08 EDT 2013,373,11,968,2153,127,68,157,4
18,Fri Sep 20 23:03:22 EDT 2013,374,11,1210,3620,133,34,177,5
19,Fri Sep 20 23:09:36 EDT 2013,377,11,1452,5187,136,36,160,6
20,Fri Sep 20 23:15:54 EDT 2013,401,11,2420,11015,148,53,179,10
21,Fri Sep 20 23:22:36 EDT 2013,427,11,4840,23784,175,45,185,20
22,Mon Sep 23 09:42:16 EDT 2013,483,11,9680,40647,242,37,260,40
0,Fri Sep 27 15:41:11 EDT 2013,284,12,3,340,0,0,0,0.01
1,Fri Sep 27 15:45:56 EDT 2013,306,12,27,345,4,1,235,0.1
2,Sat Sep 21 00:00:38 EDT 2013,319,12,66,371,11,4,158,0.25
3,Fri Sep 27 15:51:02 EDT 2013,329,12,132,385,22,12,146,0.5
4,Fri Sep 27 15:56:32 EDT 2013,349,12,198,390,33,8,136,0.75
5,Sat Sep 21 00:05:58 EDT 2013,346,12,264,482,43,12,164,1
6,Fri Sep 27 16:02:22 EDT 2013,355,12,330,484,54,20,180,1.25
7,Sat Sep 21 00:11:44 EDT 2013,354,12,396,559,65,22,150,1.5
8,Fri Sep 27 16:08:17 EDT 2013,360,12,462,579,75,24,176,1.75
9,Sat Sep 21 00:17:38 EDT 2013,358,12,528,685,86,25,153,2
10,Fri Sep 27 16:14:18 EDT 2013,364,12,594,774,97,25,172,2.25
11,Sat Sep 21 00:23:37 EDT 2013,367,12,660,827,107,39,155,2.5
12,Fri Sep 27 16:20:22 EDT 2013,365,12,726,930,115,47,168,2.75
13,Sat Sep 21 00:29:44 EDT 2013,375,12,792,1020,123,32,169,3
14,Fri Sep 27 16:26:27 EDT 2013,375,12,858,1249,134,42,147,3.25
15,Sat Sep 21 00:36:00 EDT 2013,370,12,924,1558,132,47,176,3.5
16,Fri Sep 27 16:32:42 EDT 2013,375,12,990,1862,142,36,161,3.75
17,Sat Sep 21 00:42:10 EDT 2013,376,12,1056,2190,139,53,170,4
18,Sat Sep 21 00:48:27 EDT 2013,374,12,1320,3722,143,44,155,5
19,Sat Sep 21 00:54:41 EDT 2013,387,12,1584,5270,148,61,172,6
20,Sat Sep 21 01:01:08 EDT 2013,410,12,2640,11175,161,33,182,10
21,Sat Sep 21 01:07:59 EDT 2013,421,12,5280,23471,193,52,229,20
22,Mon Sep 23 10:07:16 EDT 2013,481,12,10560,40626,264,38,225,40
0,Fri Sep 27 17:21:11 EDT 2013,286,13,3,340,0,0,0,0.01
1,Fri Sep 27 17:25:57 EDT 2013,306,13,29,342,4,2,190,0.1
2,Sat Sep 21 01:45:38 EDT 2013,330,13,72,348,12,6,224,0.25
3,Fri Sep 27 17:31:04 EDT 2013,333,13,143,373,23,12,111,0.5
4,Fri Sep 27 17:36:37 EDT 2013,340,13,215,400,35,17,191,0.75
5,Sat Sep 21 01:51:09 EDT 2013,349,13,286,431,47,12,152,1
6,Fri Sep 27 17:42:17 EDT 2013,350,13,358,489,60,29,170,1.25
7,Sat Sep 21 01:56:59 EDT 2013,360,13,429,555,70,24,169,1.5
8,Fri Sep 27 17:48:07 EDT 2013,363,13,501,723,81,28,138,1.75
9,Sat Sep 21 02:02:59 EDT 2013,361,13,572,825,90,26,157,2
10,Fri Sep 27 17:54:11 EDT 2013,376,13,644,889,104,34,160,2.25
11,Sat Sep 21 02:09:00 EDT 2013,366,13,715,950,107,23,173,2.5
12,Fri Sep 27 18:00:27 EDT 2013,365,13,787,973,128,37,147,2.75
13,Sat Sep 21 02:15:07 EDT 2013,364,13,858,1026,134,40,160,3
14,Fri Sep 27 18:06:33 EDT 2013,374,13,930,1206,146,54,173,3.25
15,Sat Sep 21 02:21:11 EDT 2013,373,13,1001,1538,143,40,160,3.5
16,Fri Sep 27 18:12:47 EDT 2013,370,13,1073,1701,154,57,162,3.75
17,Sat Sep 21 02:27:24 EDT 2013,377,13,1144,2240,149,65,168,4
18,Sat Sep 21 02:33:42 EDT 2013,388,13,1430,3765,155,59,164,5
19,Sat Sep 21 02:40:10 EDT 2013,384,13,1716,5375,160,50,155,6
20,Sat Sep 21 02:46:34 EDT 2013,397,13,2860,11297,174,55,193,10
21,Sat Sep 21 02:53:12 EDT 2013,439,13,5720,23559,210,49,221,20
22,Mon Sep 23 10:32:17 EDT 2013,486,13,11440,40516,286,42,236,40
0,Fri Sep 27 19:01:11 EDT 2013,286,14,4,335,0,0,0,0.01
1,Fri Sep 27 19:05:57 EDT 2013,306,14,31,340,5,3,109,0.1
2,Sat Sep 21 03:30:38 EDT 2013,315,14,77,344,12,8,187,0.25
3,Fri Sep 27 19:11:04 EDT 2013,333,14,154,368,25,8,205,0.5
4,Fri Sep 27 19:16:38 EDT 2013,351,14,231,400,38,19,115,0.75
5,Sat Sep 21 03:35:54 EDT 2013,349,14,308,445,51,16,180,1
6,Fri Sep 27 19:22:29 EDT 2013,351,14,385,509,64,16,153,1.25
7,Sat Sep 21 03:41:44 EDT 2013,360,14,462,546,75,29,159,1.5
8,Fri Sep 27 19:28:20 EDT 2013,361,14,539,550,88,28,155,1.75
9,Sat Sep 21 03:47:44 EDT 2013,363,14,616,620,98,32,149,2
10,Fri Sep 27 19:34:22 EDT 2013,374,14,693,780,113,32,179,2.25
11,Sat Sep 21 03:53:47 EDT 2013,375,14,770,852,123,34,167,2.5
12,Fri Sep 27 19:40:37 EDT 2013,367,14,847,902,136,58,178,2.75
13,Sat Sep 21 04:00:03 EDT 2013,371,14,924,1073,141,40,162,3
14,Fri Sep 27 19:46:44 EDT 2013,374,14,1001,1153,155,54,163,3.25
15,Sat Sep 21 04:06:15 EDT 2013,376,14,1078,1483,157,55,164,3.5
16,Fri Sep 27 19:52:59 EDT 2013,385,14,1155,1511,166,59,155,3.75
17,Sat Sep 21 04:12:31 EDT 2013,375,14,1232,2596,154,40,166,4
18,Sat Sep 21 04:18:46 EDT 2013,385,14,1540,3760,167,41,175,5
19,Sat Sep 21 04:25:12 EDT 2013,394,14,1848,5196,174,63,164,6
20,Sat Sep 21 04:31:46 EDT 2013,400,14,3080,11291,188,44,192,10
21,Sat Sep 21 04:38:27 EDT 2013,432,14,6160,23582,224,45,197,20
22,Mon Sep 23 10:57:16 EDT 2013,486,14,12320,39832,312,55,264,40
0,Fri Sep 27 20:41:11 EDT 2013,286,15,4,332,0,0,0,0.01
1,Fri Sep 27 20:45:57 EDT 2013,307,15,33,335,5,3,121,0.1
2,Sat Sep 21 05:15:38 EDT 2013,324,15,83,338,13,6,132,0.25
3,Fri Sep 27 20:51:05 EDT 2013,345,15,165,367,28,9,186,0.5
4,Fri Sep 27 20:56:51 EDT 2013,349,15,248,408,41,21,165,0.75
5,Sat Sep 21 05:21:02 EDT 2013,356,15,330,524,54,20,168,1
6,Fri Sep 27 21:02:40 EDT 2013,357,15,413,547,68,18,151,1.25
7,Sat Sep 21 05:26:59 EDT 2013,362,15,495,604,81,32,169,1.5
8,Fri Sep 27 21:08:38 EDT 2013,370,15,578,626,94,32,154,1.75
9,Sat Sep 21 05:33:01 EDT 2013,365,15,660,725,107,36,135,2
10,Fri Sep 27 21:14:48 EDT 2013,368,15,743,804,122,43,166,2.25
11,Sat Sep 21 05:39:07 EDT 2013,367,15,825,933,124,28,173,2.5
12,Fri Sep 27 21:20:57 EDT 2013,371,15,908,957,147,42,164,2.75
13,Sat Sep 21 05:45:15 EDT 2013,381,15,990,1043,154,49,165,3
14,Fri Sep 27 21:27:09 EDT 2013,382,15,1073,1113,166,62,150,3.25
15,Sat Sep 21 05:51:37 EDT 2013,374,15,1155,1495,165,66,159,3.5
16,Fri Sep 27 21:33:31 EDT 2013,382,15,1238,1640,179,56,147,3.75
17,Sat Sep 21 05:57:51 EDT 2013,386,15,1320,2250,172,59,164,4
18,Sat Sep 21 06:04:18 EDT 2013,382,15,1650,3686,180,75,160,5
19,Sat Sep 21 06:10:40 EDT 2013,388,15,1980,5320,185,54,164,6
20,Sat Sep 21 06:17:09 EDT 2013,410,15,3300,11062,203,59,175,10
21,Sat Sep 21 06:24:00 EDT 2013,433,15,6600,23620,240,46,205,20
22,Mon Sep 23 11:22:16 EDT 2013,484,15,13200,40047,333,40,249,40
0,Sat Sep 28 05:26:47 EDT 2013,286,16,4,389,0,0,0,
1,Sat Sep 28 05:31:33 EDT 2013,308,16,36,330,6,2,208,
2,Sat Sep 21 07:00:38 EDT 2013,327,16,88,338,14,4,151,0.25
3,Sat Sep 28 05:36:41 EDT 2013,338,16,176,395,29,14,152,
4,Sat Sep 28 05:42:19 EDT 2013,340,16,264,423,43,21,137,
5,Sat Sep 21 07:06:05 EDT 2013,354,16,352,459,59,20,181,1
6,Sat Sep 28 05:48:00 EDT 2013,357,16,440,532,74,28,167,
7,Sat Sep 21 07:12:00 EDT 2013,362,16,528,586,87,29,161,1.5
8,Sat Sep 28 05:53:57 EDT 2013,355,16,616,601,101,24,150,
9,Sat Sep 21 07:18:02 EDT 2013,361,16,704,715,116,54,162,2
10,Sat Sep 28 05:59:53 EDT 2013,373,16,792,777,128,35,142,
11,Sat Sep 21 07:24:03 EDT 2013,368,16,880,889,138,45,171,2.5
12,Sat Sep 28 06:06:07 EDT 2013,366,16,968,922,155,48,169,
13,Sat Sep 21 07:30:12 EDT 2013,381,16,1056,1028,163,70,151,3
14,Sat Sep 28 06:12:13 EDT 2013,378,16,1144,1190,177,54,161,
15,Sat Sep 21 07:36:34 EDT 2013,376,16,1232,1554,175,68,172,3.5
16,Sat Sep 28 06:18:32 EDT 2013,377,16,1320,1841,187,62,153,
17,Sat Sep 21 07:42:50 EDT 2013,382,16,1408,2239,183,55,159,4
18,Sat Sep 21 07:49:12 EDT 2013,382,16,1760,3847,190,75,170,5
19,Sat Sep 21 07:55:35 EDT 2013,387,16,2112,5396,195,72,159,6
20,Sat Sep 21 08:02:02 EDT 2013,404,16,3520,11108,215,68,185,10
21,Sat Sep 21 08:08:47 EDT 2013,428,16,7040,23526,257,56,210,20
22,Mon Sep 23 11:47:16 EDT 2013,479,16,14080,39780,357,50,230,40
0,Sat Sep 28 07:06:47 EDT 2013,286,17,4,351,0,0,0,
1,Sat Sep 28 07:11:33 EDT 2013,306,17,38,355,6,3,98,
2,Sat Sep 21 08:45:38 EDT 2013,331,17,94,366,15,9,149,0.251336898
3,Sat Sep 28 07:16:39 EDT 2013,340,17,187,377,31,8,122,
4,Sat Sep 28 07:22:20 EDT 2013,350,17,281,418,46,13,148,
5,Sat Sep 21 08:51:09 EDT 2013,353,17,374,611,61,20,127,1
6,Sat Sep 28 07:28:10 EDT 2013,361,17,468,630,77,30,164,
7,Sat Sep 21 08:57:03 EDT 2013,361,17,561,712,91,36,161,1.5
8,Sat Sep 28 07:34:12 EDT 2013,373,17,655,742,107,40,155,
9,Sat Sep 21 09:03:04 EDT 2013,373,17,748,883,119,35,167,2
10,Sat Sep 28 07:40:26 EDT 2013,367,17,842,910,138,46,155,
11,Sat Sep 21 09:09:17 EDT 2013,371,17,935,1000,147,46,142,2.5
12,Sat Sep 28 07:46:34 EDT 2013,376,17,1029,1049,162,51,159,
13,Sat Sep 21 09:15:29 EDT 2013,374,17,1122,1168,171,62,169,3
14,Sat Sep 28 07:52:51 EDT 2013,370,17,1216,1366,187,71,157,
15,Sat Sep 21 09:21:43 EDT 2013,381,17,1309,1549,188,53,171,3.5
16,Sat Sep 28 07:59:01 EDT 2013,373,17,1403,1850,202,59,161,
17,Sat Sep 21 09:28:04 EDT 2013,377,17,1496,2203,196,54,151,4
18,Sat Sep 21 09:34:22 EDT 2013,386,17,1870,3683,204,66,152,5
19,Sat Sep 21 09:40:48 EDT 2013,398,17,2244,5357,208,64,147,6
20,Sat Sep 21 09:47:26 EDT 2013,399,17,3740,11275,228,64,192,10
21,Sat Sep 21 09:54:06 EDT 2013,434,17,7480,23531,273,69,207,20
22,Mon Sep 23 12:12:16 EDT 2013,475,17,14960,39791,378,53,248,40
0,Sat Sep 28 08:46:47 EDT 2013,288,18,4,338,0,0,0,
1,Sat Sep 28 08:51:35 EDT 2013,311,18,40,341,6,0,0,
2,Sat Sep 21 10:30:38 EDT 2013,334,18,99,347,16,6,157,0.25
3,Sat Sep 28 08:56:46 EDT 2013,335,18,198,376,33,6,164,
4,Sat Sep 28 09:02:22 EDT 2013,347,18,297,428,49,17,145,
5,Sat Sep 21 10:36:12 EDT 2013,352,18,396,535,64,23,159,1
6,Sat Sep 28 09:08:09 EDT 2013,359,18,495,547,81,25,155,
7,Sat Sep 21 10:42:04 EDT 2013,371,18,594,662,96,34,150,1.5
8,Sat Sep 28 09:14:09 EDT 2013,360,18,693,746,114,39,146,
9,Sat Sep 21 10:48:16 EDT 2013,375,18,792,832,122,53,151,2
10,Sat Sep 28 09:20:09 EDT 2013,375,18,891,966,146,47,174,
11,Sat Sep 21 10:54:31 EDT 2013,382,18,990,1105,136,45,169,2.5
12,Sat Sep 28 09:26:25 EDT 2013,378,18,1089,1229,174,58,148,
13,Sat Sep 21 11:00:53 EDT 2013,376,18,1188,1359,175,56,182,3
14,Sat Sep 28 09:32:43 EDT 2013,385,18,1287,1439,200,63,161,
15,Sat Sep 21 11:07:09 EDT 2013,384,18,1386,1652,195,72,171,3.5
16,Sat Sep 28 09:39:09 EDT 2013,384,18,1485,2039,209,64,165,
17,Sat Sep 21 11:13:34 EDT 2013,385,18,1584,2625,197,69,180,4
18,Sat Sep 21 11:19:59 EDT 2013,388,18,1980,3762,215,87,165,5
19,Sat Sep 21 11:26:27 EDT 2013,394,18,2376,5533,218,76,180,6
20,Sat Sep 21 11:33:02 EDT 2013,407,18,3960,11175,242,68,176,10
21,Sat Sep 21 11:39:50 EDT 2013,433,18,7920,23203,292,56,219,20
22,Mon Sep 23 12:37:16 EDT 2013,492,18,15840,39623,402,52,234,40
0,Sat Sep 28 10:26:46 EDT 2013,286,19,5,348,0,0,0,
1,Sat Sep 28 10:31:33 EDT 2013,314,19,42,359,7,4,119,
2,Sat Sep 21 12:15:38 EDT 2013,332,19,105,371,17,6,177,0.251196172
3,Sat Sep 28 10:36:48 EDT 2013,339,19,209,393,35,20,137,
4,Sat Sep 28 10:42:27 EDT 2013,342,19,314,467,52,12,137,
5,Sat Sep 21 12:21:11 EDT 2013,351,19,418,532,69,18,173,1
6,Sat Sep 28 10:48:10 EDT 2013,358,19,523,538,86,36,175,
7,Sat Sep 21 12:27:02 EDT 2013,363,19,627,673,102,39,148,1.5
8,Sat Sep 28 10:54:09 EDT 2013,363,19,732,701,120,27,172,
9,Sat Sep 21 12:33:05 EDT 2013,380,19,836,735,128,52,169,2
10,Sat Sep 28 11:00:12 EDT 2013,373,19,941,877,153,36,161,
11,Sat Sep 21 12:39:25 EDT 2013,373,19,1045,952,165,50,167,2.5
12,Sat Sep 28 11:06:26 EDT 2013,385,19,1150,1012,184,58,152,
13,Sat Sep 21 12:45:38 EDT 2013,376,19,1254,1152,190,62,159,3
14,Sat Sep 28 11:12:51 EDT 2013,379,19,1359,1234,210,67,156,
15,Sat Sep 21 12:51:55 EDT 2013,391,19,1463,1595,208,76,154,3.5
16,Sat Sep 28 11:19:10 EDT 2013,382,19,1568,1631,222,72,149,
17,Sat Sep 21 12:58:26 EDT 2013,390,19,1672,2348,215,65,159,4
18,Sat Sep 21 13:04:57 EDT 2013,393,19,2090,3996,222,77,172,5
19,Sat Sep 21 13:11:30 EDT 2013,391,19,2508,5430,232,83,161,6
20,Sat Sep 21 13:18:01 EDT 2013,413,19,4180,11184,255,73,187,10
21,Sat Sep 21 13:24:55 EDT 2013,441,19,8360,23488,307,72,200,20
22,Mon Sep 23 13:02:16 EDT 2013,478,19,16720,38702,431,72,213,40
0,Sat Sep 28 12:06:46 EDT 2013,288,20,5,348,0,0,0,
1,Sat Sep 28 12:11:34 EDT 2013,312,20,44,352,7,3,94,
2,Sat Sep 21 14:00:38 EDT 2013,329,20,110,367,18,7,133,0.25
3,Sat Sep 28 12:16:47 EDT 2013,344,20,220,384,37,9,187,
4,Sat Sep 28 12:22:31 EDT 2013,357,20,330,444,55,19,168,
5,Sat Sep 21 14:06:08 EDT 2013,355,20,440,640,72,29,151,1
6,Sat Sep 28 12:28:28 EDT 2013,373,20,550,672,90,18,157,
7,Sat Sep 21 14:12:04 EDT 2013,369,20,660,688,107,38,161,1.5
8,Sat Sep 28 12:34:41 EDT 2013,369,20,770,706,125,44,160,
9,Sat Sep 21 14:18:13 EDT 2013,365,20,880,756,138,45,163,2
10,Sat Sep 28 12:40:51 EDT 2013,374,20,990,845,163,58,175,
11,Sat Sep 21 14:24:18 EDT 2013,378,20,1100,899,175,78,165,2.5
12,Sat Sep 28 12:47:05 EDT 2013,382,20,1210,982,194,66,156,
13,Sat Sep 21 14:30:37 EDT 2013,384,20,1320,1120,202,83,163,3
14,Sat Sep 28 12:53:27 EDT 2013,378,20,1430,1332,221,74,165,
15,Sat Sep 21 14:37:02 EDT 2013,382,20,1540,1697,217,95,155,3.5
16,Sat Sep 28 12:59:46 EDT 2013,380,20,1650,2286,232,74,178,
17,Sat Sep 21 14:49:53 EDT 2013,385,20,2200,4440,224,76,184,5
18,Sat Sep 21 14:56:18 EDT 2013,399,20,2640,5580,242,82,164,6
19,Sat Sep 21 15:02:58 EDT 2013,405,20,4400,11237,268,73,182,10
20,Sat Sep 21 15:09:44 EDT 2013,440,20,8800,23215,326,68,184,20
21,Mon Sep 23 13:27:16 EDT 2013,479,20,17600,38550,454,62,241,40
22,Mon Sep 23 13:27:16 EDT 2013,479,20,17600,38550,454,62,241,40
